qjsvtzrev,137054
mtxwsmkwo,668357
pawquaarg,574625
buudscsik,387629
safeaalhr,911779
fjhfhjcgs,237648
teduzevou,812571
msmtcebmv,839302
yexytwweq,829194
qdhvzuems,159174
gyrymbhjv,934055
epkeosxir,664290
zgswkjqmx,155274
zrmrzsazm,498180
dwmuqkkka,970274
fdrbyedof,870724
zjtepptcg,365809
vrbcuydcu,602919
dsadmysbf,889894
yhlmegsie,716559
exofbsxbb,769487
ovrrpdlyh,767134
jbwgfsytb,511684
rqxqfefdc,407194
hzuhxfppq,782074
iapjpqgxa,135067
yyywfbqzf,831337
voveiuqpr,711052
mbdmyfuzr,650848
pgrlytyth,368487
pvolmtoww,958579
xoyexzlbx,700014
hfkaotkml,450155
eomsosvkz,307228
spvdhywyw,328687
qhvocwbus,867343
fdjjvvyab,177040
olpmokqgk,714155
fvhflfjua,224463
eevwokrwf,724912
ffarvaxot,628106
zkotsgleq,951503
kxpmxicfl,464895
dqiclvqia,389047
qayikkyqb,789085
wmskkiugr,464823
ojlatelvt,762065
jwjmyszul,395119
yyqyfsqmf,516907
qiapcisgu,694854
gwyjjgrzv,155332
mrryjikhd,754155
pmuywrvdv,579465
hzxszvtxh,340221
hkpiqwizk,720914
raaulasth,592887
qxicskdxe,237925
bjhlqpbga,326069
ahapskcya,553268
rtuglysvw,922845
qfggpirla,667589
dfrtycewr,499704
gecapwpht,680014
vsvjhshew,731354
qjxosacuu,342021
oilmuwwuv,906682
ipopdqdil,332242
rmlegbotl,835102
jlkqvzwvv,318935
cjqfghkru,414534
flmcuxlvz,609985
tqldsmuvb,939182
mlvqoydqs,682087
pudihhqot,171572
zfydbswig,790058
kfqezjjjj,537343
fwxhwoymr,146485
cywgorfkg,436897
spbayvvff,271118
dkaboaiij,664141
ycuzzicbk,330897
gfefwygxp,464042
llzvqgutt,773843
cmtbrbett,664270
fosffvvhe,508723
yxpaszerk,801749
wqqhmltyi,195277
zvsiskjmm,459150
jcskygbdf,564081
zujsbyjcm,277306
bskdbjbiu,927653
rtzkoggdz,494198
ajlmdqkiq,606304
kokialwxr,627738
bvjefxutp,476282
lazzvcpmu,272643
btgjjczlb,122764
msodiptag,575264
aojrtflli,517486
wzzfgdsky,632719